,title,artist,album,id,year,file,mfcc_0,mfcc_1,mfcc_2,mfcc_3,mfcc_4,mfcc_5,mfcc_6,mfcc_7,mfcc_8,mfcc_9,mfcc_10,mfcc_11,chroma_0,chroma_1,chroma_2,chroma_3,chroma_4,chroma_5,chroma_6,chroma_7,chroma_8,chroma_9,chroma_10,chroma_11,zcr,bandwidth,centroid,rolloff,acousticness,danceability,energy,loudness,speechiness,tempo,valence
0,Rapper's Delight,The Sugarhill Gang,The Sugarhill Gang,1FnxNtKli7rcB9IU4J8MEg,1980,./data/Rapper's Delight.mp3,-1.5202269513539666,-1.2628241761982963,1.2551917406103954,1.0438906270538637,0.26486787948627066,0.05771125972413862,-0.5204580095790188,-0.651726294769236,-0.13691483649810998,-1.4298307465408502,-0.6968363239479001,-0.5379496410209624,0.031869387841529144,0.03528107465422415,-0.2730990148931542,-0.6991841320683586,-0.14367120366481023,-0.28925531559060946,-0.5157361366653058,-0.7247448721403363,-0.6266009971883588,-0.010140208566366108,0.3886084554314609,0.7714226619495242,1.306169200696667,1.8409984274772808,1.6573490645966784,1.8348005000725796,0.22,0.905,0.692,-14.143,0.199,111.292,0.943
1,The Breaks,Kurtis Blow,Kurtis Blow,5TvcggVu3s2P1fMAS8BupX,1980,./data/The Breaks.mp3,-1.0190094147068962,0.5455761772950289,-0.09285561063262283,-0.443371135573244,0.028685019775697325,-0.8096314580088306,-0.10574094879034189,-0.23150052771624174,-0.7095823723636318,-0.7937108476274076,-0.9647076100391091,-0.6823599829309528,-0.6947173439570947,-0.3561538289976158,0.24792141185159944,-0.17974827283394978,0.6813350523727284,-0.042650599083780966,0.49163025890656575,-0.25675282128037014,-1.1959503283851756,-1.0406974869055794,-0.6994574281524192,0.6330474808726931,-0.34153277228851164,0.3427261274842528,-0.2688652084326186,0.025154115723024294,0.0987,0.91,0.576,-13.256,0.109,112.877,0.907
2,Apache,The Sugarhill Gang,8th Wonder,4UCkX8nrBlpxjrrEqtb46a,1981,./data/Apache.mp3,0.7049400151018027,-0.6897186401648383,-1.7943515954769236,-1.3682394627635839,-2.7998348381386124,-0.7639311749426418,-0.45271742582085733,-0.7278137124309427,0.07919268412359501,0.6321315093507753,1.3865244332226547,0.31804862654870386,-1.2775516355289387,-0.9315787934005927,-0.1813836645815775,0.6286357994569319,1.55095099443838,-0.051518181777429964,0.1457479089098782,-0.5514274563272802,-0.5608103215704409,-0.060210977984823194,-0.49331260462443344,-0.6497859308543361,1.5237278863170527,0.18003621147063165,0.8803761700063324,0.6551586561182557,0.332,0.827,0.928,-7.266,0.133,115.023,0.261
3,8th Wonder,The Sugarhill Gang,8th Wonder,6m0wOLtrzaNwMofVVJTJqs,1981,./data/8th Wonder.mp3,0.4434944804601332,-1.1314870528211953,-2.393581702652625,-1.267742259794366,-1.5685166701834163,-1.0607568186459564,-1.317769677014758,-0.028133992651007845,-1.346930540108662,-0.23616802160970043,0.2951417447174583,-0.3934562397222868,-0.09351057850600974,0.49528700037108353,-0.1875661499580586,0.22793780732254443,0.307623209974844,0.5435238598578642,0.35036466807797756,-0.36114170373734567,-0.16328684903671276,-0.46078404270581935,-0.09767722191262963,-0.2793840594011827,2.189802009845847,0.18667953147844185,1.3683707161457914,0.869361042179097,0.298,0.871,0.937,-8.536,0.195,106.494,0.675
4,Planet Rock,Afrika Bambaataa,Planet Rock,3uy0jtkM8QYVTsBazkli1x,1982,./data/Planet Rock.mp3,-0.35605862895742957,-2.0954877324941075,-0.3107160351964873,-0.8103648585489446,-0.24213995311491343,-0.06178721366279029,0.3007131439817682,0.30434740152879663,0.5564152296513734,0.3691142050425999,0.5020269197169521,-0.20072899395151791,1.2030551846758586,0.985123905121895,0.354457748023768,0.06488776764104556,-0.46751583987313855,-0.5676361942391256,0.3219035881613574,0.28973445345244536,0.9462977586602904,0.9897473568203683,0.9682195652194668,2.0382933074301945,2.2334237260868917,1.2996037894800045,2.1936671535802077,1.8565584782642022,0.011,0.915,0.807,-9.636,0.13,127.35,0.708
5,The Message (feat. Melle Mel & Duke Bootee),Grandmaster Flash & The Furious Five,The Message,5DuTNKFEjJIySAyJH1yNDU,1982,./data/The Message.mp3,-0.8518033755564608,-1.0933142488164107,-0.5717101193366337,0.40984643215145095,0.2775744782054336,0.25721730838002166,-0.3539849541153002,0.16848694244792606,0.0038417728751915054,-0.279936136036097,0.12775285875827122,-0.0019919938318810103,0.33848112762204136,0.8026754332035247,1.518401267303315,1.0349906756487768,0.7082955424616244,0.824583347729332,0.21509216040978818,0.2091362924041984,-0.2504325077320257,-0.24815694110739314,-0.20607917087868383,-0.023913563802666963,1.1739248417306727,0.3417808716892505,0.9377693082011241,0.6970596964217761,0.0249,0.947,0.607,-10.58,0.202,100.619,0.732
6,Money Dollar Bill Y'all,Jimmy Spicer,Money Dollar Bill Y'all,3Bu69QHyCAyBy8TQ8N1lIA,1983,./data/Money Dollar Bill Y'All.mp3,-0.15125756133376875,1.6022392515410817,0.6766726629003553,0.332874976573185,-0.17122403088669214,-0.05107302177940487,0.7319117223234041,-0.28274484898166585,-0.8057423055294441,-0.39291816931417645,0.5458796353179813,-0.09286912752348497,-1.607201095383113,-1.40681956941289,-0.44487522997016005,-0.4622547114769533,-0.500697765439334,-0.6349288866068555,-0.05393018298651326,-0.3310126423074323,0.5598087975369431,1.6091792696603655,-0.4594926878535419,-1.5666198490702183,-1.0881754800442358,-1.395944934817638,-1.5985832590004883,-1.7282734027660824,0.0303,0.862,0.669,-10.26,0.158,99.379,0.668
7,Sucker D.J.'s (I Will Survive),Dimples D.,Sucker D.J.'s (I Will Survive),3GdWz9M6RrwipY72BIdhMA,1983,./data/Sucker D.J.'s (I Will Survive).mp3,-1.232624162504715,-0.42135410816640256,-1.5415030476220206,1.0248682778225169,-0.37742600341297544,0.15463350661467473,1.0279021309860537,0.5508255352060956,0.2883023654988288,0.7403952453768072,0.5163077349924996,0.08546917895734292,0.4566504050690753,0.2342677293693253,0.31920639492789443,1.2036207137244372,1.4701928093918029,1.3043133939929052,0.9012271323074801,0.7312851832102265,-0.1468708744182102,-0.42085252547918844,0.42178063408749106,1.196476579236757,0.005146053526478149,-1.0879905943346617,-0.2685050919919814,-0.6357953522203579,0.038,0.868,0.832,-9.08,0.136,107.979,0.931
8,Jam On It,Newcleus,Jam On Revenge,1lB2kyB5h9ceZ388GBfC9L,1984,./data/Jam On It.mp3,0.4086231572526289,-0.6700995753401336,1.1785261670606042,-0.7660743435384182,1.1200629787611354,1.1590819610613223,0.9163441672818684,0.5015275693555564,0.4963082878005188,0.08161109218437819,0.2517109483237098,-0.8067850927530426,1.0671509957366587,1.373982058426455,0.1483753184473876,0.013830908980935685,0.48766078994753376,-0.29313546024257664,-0.6133829419093434,-0.7604788279824377,0.3571519958960309,0.2072515924994863,0.2614710402599771,1.117299625452027,0.4047548317297415,1.7353328291675676,1.124228377154078,1.5101660237548211,0.00302,0.804,0.782,-6.224,0.0606,116.806,0.346
9,It's Like That,Run–D.M.C.,RUN-DMC (Expanded Edition),2J6QnTjHIWwXErNWyF0RUC,1984,./data/It's Like That.mp3,-0.6378795891631329,-1.068307105749039,-1.7310479992623324,0.31072787256674383,-0.7065962065098512,0.2695455137602436,-0.7917269524256427,0.5309703599109634,-0.5991232470098643,-0.0401619169471872,-0.3905829558960385,-0.7720267526032166,-0.001475764734803979,0.7935182958967462,1.077472819880953,1.6390837740529858,0.6697999795482578,0.6966229406872588,0.8792180911375376,-0.511673288887702,-0.764674777825347,-0.67405285433094,0.22243461088938704,0.28920171692614155,1.6237036427470655,-0.059084959463759704,0.9428224303915391,0.6403999817770177,0.0591,0.964,0.889,-5.169,0.147,121.144,0.552
10,King of Rock,Run-D.M.C.,King of Rock,7112WRQXlBGe4Os43yw8gV,1985,./data/King of Rock.mp3,0.44831019219231144,-1.3514517671183437,-1.8688823634079375,0.7708382756694488,0.7154922069241797,-0.28534065783797263,-0.49710065820717964,1.283228733827073,-0.452343837391006,0.25609210882054556,-0.5038313323020503,-0.10172164699879428,-0.4205969086882524,0.4940952903054914,0.8633955952206049,1.057477308577077,1.900062262286835,1.5067055521729713,0.7046216449789956,0.00907207940026397,-0.5308375602488872,-0.4289735488986327,-1.1144983292047381,-0.6271318609538173,1.856215141898014,0.015556207756855834,1.174501516833624,0.820762084217363,0.00907,0.825,0.857,-3.389,0.0448,98.204,0.791
11,Rock The Bells,LL Cool J,Radio,4F4neui0edP1ozygvFiCi7,1985,./data/Rock the Bells.mp3,-0.07426264066446851,-2.7243210657129318,-0.6537015427985476,2.342394762381097,0.778071340965314,2.0320781892311848,1.5768346999883216,2.2854832340249613,-0.09808846105642433,1.790586139137779,1.0928636890993932,0.24556588479212463,1.0337629881994899,0.909938182320465,0.43671241643770575,0.41868510424812727,0.6147581718486034,1.003880216498399,1.3228412280856194,2.049277979520303,3.0952130152608843,3.1056902201634085,2.753724152787616,1.8367235736022183,1.4264394390918869,0.4739355773368214,1.9479159524249827,1.3253217961963406,0.00596,0.896,0.517,-12.813,0.143,98.472,0.285
12,It's Tricky,Run–D.M.C.,Raising Hell,6jBCehpNMkwFVF3dz4nLIW,1986,./data/It's Tricky.mp3,-1.030062026345516,-2.348302296217129,1.1770747997800697,0.25253371952089737,1.0990497202526548,0.11189449836983119,-0.8581853502669615,0.8613431743543226,1.0694748293595464,0.029471193676119705,0.06286495392215474,-0.3329085786961882,1.470061020214633,1.3605007196124388,1.0847723372327598,1.5583722234625235,1.6154466572255652,1.3182749686676185,0.4280295868352325,0.2286684731836975,0.029508657476428186,-0.10455221508595787,-0.01192026070909011,0.9748199961308749,2.6990061786735917,2.167042495395073,2.7297235411001113,2.5143918247662156,0.000844,0.956,0.72,-13.476,0.137,127.872,0.961
13,No Sleep Till Brooklyn,Beastie Boys,Licensed To Ill,5qxChyzKLEyoPJ5qGrdurN,1986,./data/No Sleep Till Brooklyn.mp3,1.0082121974438083,-2.4632861341932304,-1.2713797498010349,2.1407643031068107,-1.7395726668988412,0.0065088252904440215,-1.4353236178739797,-1.4212574322500424,0.7812494637686487,1.3147655781601726,0.013880935411847014,-1.0248384993595383,0.9851893632573356,0.7007238375337058,-0.48975633824947057,0.5800747686600448,0.868850626610812,-0.5782602181681431,-0.005137600751161155,1.4078083497600293,1.7905780270952698,1.4063351478229082,1.5638471980637698,0.9278476074392125,3.6900289526497696,-0.05397167113812875,2.3400531771893966,1.2085592986609919,0.122,0.712,0.691,-8.157,0.128,97.022,0.742
14,Boyz-N-The-Hood,Eazy-E,N.W.A. And The Posse,5RGXoZt1qxmAErdhbyKJKq,1987,./data/Boyz-N-The-Hood.mp3,0.01138767581251903,-0.7472424783288283,0.5793349749089914,0.2574850556864766,0.3357090653755495,0.9013564089827117,0.8468789045193627,-0.04716517690485955,0.8071795801460695,0.5235653622445591,1.1988850638813247,1.2179760420747916,0.3065681911736966,-0.8809134387277856,-1.068603360668496,-1.1807103512929085,-1.1077048336964843,-0.5231578929972118,-0.18678406758472124,1.543565265596193,1.605271843633052,1.6332553159419583,1.5729302010516568,1.0690026097918155,-0.21960373831890326,1.1589291344623591,0.5858543934499214,0.8881685409939885,0.0417,0.785,0.479,-10.247,0.362,87.691,0.727
15,Paid In Full,Eric B. & Rakim,Paid In Full,20s3FayrStM8GY0m4dRFsw,1987,./data/Paid In Full.mp3,0.07177091816489219,-1.1733484885368262,0.7710468006044282,1.3565668806987135,-0.5393696639394453,2.6837586281889982,-0.4713373407745153,1.7102981782239437,1.0686485159103205,0.6771180291598603,1.2528059444933366,0.47777850058153093,0.46516970419722964,0.1421699738141188,0.026118210772604726,0.4184035606027386,0.8723406182546266,1.4024540778863352,1.4959563471332493,2.017871406327656,2.2496742766968554,1.7204660023359515,1.7520613368344748,1.3208699923078537,0.5422525050572758,0.5888292145633208,0.912986486212458,0.80513720228897,0.00228,0.878,0.851,-8.971,0.232,99.014,0.404
16,Straight Outta Compton,N.W.A.,Straight Outta Compton,6KIKRz9eSTXdNsGUnomdtW,1988,./data/Straight Outta Compton.mp3,0.24080538653646405,-0.9685345399916301,-0.4478552523614831,1.8644263418095384,-0.5753022344339089,0.22583110108934687,-0.5736442629001125,0.7041797943193487,-0.669378727654878,0.01664270195980453,-0.33785181630547995,0.022745818244600265,-0.9924068630956929,0.26454595717296714,0.37434026200980847,1.7640468648885872,0.8234370901454945,0.32846783764615994,0.4409279468525961,1.282812572043486,0.6662370712981319,0.3522257109708752,0.7882838488109383,-0.8254225328663495,0.7434264372858568,0.413065214714768,0.8398741590641006,0.7945342244365662,0.0461,0.834,0.878,-9.484,0.15,102.848,0.418
17,Fuck Tha Police,N.W.A.,Straight Outta Compton,5n8Aro6j1bEGIy7Tpo7FV7,1988,./data/Fuck Tha Police.mp3,0.17894531841241434,-2.0680325994560844,1.1048502672621587,1.309909501563237,-1.1010468425812185,0.9673223739825103,-1.2548876114969536,0.926786652822493,-0.13328726535968735,1.086453617893516,0.6935281779786409,0.2940742469252757,0.8285493911568874,0.9603414008321368,0.43452634202503243,-0.022334446796208732,-0.3839365661849823,-0.7244766516977945,-0.372331593740488,0.08095661191845946,0.5551373215234588,1.1076781919547518,1.350603379852,1.528146482970308,1.7402886304523835,1.4866898532960666,2.2405570759836317,1.898396622009121,0.0193,0.859,0.75,-8.325,0.303,98.691,0.857
18,Bust A Move,Young MC,Stone Cold Rhymin',3IeCYkdKI55mNMl2o4vX0k,1989,./data/Bust a Move.mp3,-0.818102909965426,-0.8879451590401687,-0.08693315267113418,0.9204128198397666,-0.9094582787661772,0.8636093489749811,0.49602318410910673,1.6311441159702702,0.5064695858262668,-0.3673908730126409,-0.8698819660476128,0.05834157460340009,0.40773679343941865,0.925848434575507,0.3793956350127193,-0.10293532482701583,0.36389189544308753,0.008808380646943934,-0.08736396938773947,0.05392323860303587,0.2378825607560863,0.6882528080576862,0.7055194949489033,0.8612517853066879,0.8040241335628929,0.5388894705116276,0.8802303792382948,0.8215813593382167,0.0512,0.946,0.772,-7.537,0.121,116.972,0.743
19,Shake Your Rump,Beastie Boys,Paul's Boutique (20th Anniversary Remastered Edition),2qq0RYYIuQxXcOxQKN0drC,1989,./data/Shake Your Rump.mp3,0.15550561942979307,-0.12849653264276917,-0.5578160738525172,0.8041784286733987,-0.724580940078613,1.0495754753068403,0.056218725768840044,0.4652023224239999,0.26114044873711173,0.8166549763962742,0.41631315377692635,0.30687131033735365,1.0446740356697868,1.016820882099181,0.7849815196630884,0.9857665819204942,1.0306096528505881,1.4504224376415635,1.2795991089914045,0.29965059354705464,-0.27359263105792286,-0.34076532187158326,0.21704630661335653,0.9207743003961666,0.5481037475347982,-0.264992471884168,0.05851630687215019,-0.018614977306686903,0.0159,0.888,0.699,-10.425,0.164,103.066,0.697
20,Can I Kick It?,A Tribe Called Quest,People's Instinctive Travels and the Paths of Rhythm (25th Anniversary Edition),3Ti0GdlrotgwsAVBBugv0I,1990,./data/Can I Kick It.mp3,0.1551832935471048,1.212798863407123,1.0182851872105587,1.0366866592811121,0.10417844918693492,1.1312954410404867,-0.3693302415003084,0.00020765334677530592,-0.02638209582092861,-1.1225644242367359,-0.6269104273848694,-0.6223231938898218,-1.3520257952242771,-1.6869676827234952,-1.1153598104024018,-0.2843189320985172,1.2998998791078256,0.45851566369445856,-0.3431265081752137,-0.4696952739493035,-0.7798852156716991,-0.2111504250201677,-1.3430473343365459,-1.9055936559065605,-1.152398809023892,-0.917154979151961,-1.4097272995457926,-1.1917519845164695,0.173,0.848,0.666,-6.547,0.274,96.662,0.744
21,U Can't Touch This,MC Hammer,Please Hammer Don't Hurt 'Em,1B75hgRqe7A4fwee3g3Wmu,1990,./data/U Can't Touch This.mp3,-1.1704301592577537,-0.18023137616094792,0.9124476975714505,0.35739595302171007,-0.15702536112655838,-0.10264369791267816,0.28649578109584345,1.5872471414680542,1.6469997041840199,0.2742103711420361,0.7818173984640603,0.22280369203589348,0.6424745795021559,0.34283832955628357,1.0220452784779086,0.7278401687724271,0.6577117295943556,0.42839899344468874,0.7611039162439258,0.9656980609800637,0.24736276869300133,1.1040682485134068,0.18614342170181294,0.8391823328036978,-0.19618608110961666,0.8991192270676803,0.160525580082541,0.5182468132718072,0.00456,0.867,0.517,-13.222,0.0875,133.148,0.866
22,Mind Playing Tricks on Me,Geto Boys,We Can't Be Stopped,63BokRfXSQhEU6Qi2dSJpZ,1991,./data/Mind Playing Tricks on Me.mp3,-0.4517775640033437,0.4703320667063968,-0.6022116567785877,1.0893923335227431,0.9995339746715172,0.4704896267913649,-0.33766037028038437,0.5554843780942662,1.3440056288765438,-0.8227441365114926,-0.30263238372100454,-0.7281327003854582,-1.138473547230988,0.06306376536700263,-0.19925996352318703,0.6167596941956437,0.0927824109941455,0.8645789979226075,-0.538571224703597,-1.3582364708594719,-0.43092695312348334,-0.4247031401645608,0.5358993241834537,-1.0848356753332822,-0.4908836836551829,-0.622279262934666,-0.6630759339246065,-0.6807185249838373,0.207,0.886,0.512,-11.825,0.237,93.997,0.454
23,Check the Rhime,A Tribe Called Quest,The Low End Theory,4HfxDJ0uLHTLe0fZrx0MbQ,1991,./data/Check the Rhime.mp3,-2.3227445220519884,0.5957233895405809,1.3442767312182715,1.2817733846074233,1.6233691165059534,0.5237755539426988,0.04003514582806983,0.5908714444538221,0.5026039080216251,-1.0395826372682515,0.8341306552581299,0.8342053320306835,0.6127602713755994,1.2273757903597464,0.8754294517285266,0.8890295442486312,0.7856209162395821,0.28576976922397246,-0.1639579650342248,-0.6423586873909641,-0.3761468912098958,0.22194681989447015,0.4928009490474532,0.4059040477542074,-1.0793138513686826,-0.366325849836163,-1.0698737424145173,-1.0111544172103315,0.0502,0.881,0.361,-14.728,0.237,96.43,0.799
24,It Was A Good Day,Ice Cube,The Predator,2qOm7ukLyHUXWyR4ZWLwxA,1992,./data/It Was A Good Day.mp3,0.13450847248446854,1.2916092205485203,0.1579050332682061,0.3723453538742604,1.5782440093085728,-0.29404183307522774,-0.8459394558525558,-0.4296941438355564,0.44690287761523617,-0.745607864065201,0.42054145514462304,0.007693114681044681,-1.5945787528900508,-0.15342998639039493,0.12194266034075608,-0.9697690417248899,-0.48296122615021364,-0.6900332832927588,1.3425303303872724,-0.3774657486421265,-0.5009359655538379,0.20839586667150684,-0.9018258197106849,-0.6870120455471519,-0.5274815003707449,-0.7020643549294855,-0.8629490332281816,-0.8292261556439519,0.33,0.798,0.744,-5.328,0.136,82.356,0.794
25,Jump Around,House Of Pain,House of Pain (Fine Malt Lyrics),3TZwjdclvWt7iPJUnMpgcs,1992,./data/Jump Around.mp3,0.9047193109096837,-0.4496948812617946,-1.3576252692839936,0.6745775374003935,0.8584570100343968,2.3364728098134195,1.146199449084602,0.7119718047403759,1.541358098100962,1.2616132846590922,2.1318746712601313,0.5656603661108803,0.350266214637275,0.3566315832031331,0.3245852382195608,0.924480590686722,2.287476654286873,0.9116833413171029,1.463254014060174,0.4826130762039664,-0.40295874671559223,-1.0274347439418663,-0.7283249190100645,0.04446548626676496,-0.16577906958303829,0.05347214304378827,0.10905753029539912,0.14521165257609153,0.0113,0.854,0.71,-6.32,0.0793,106.894,0.818
26,C.R.E.A.M.,Wu-Tang Clan,Enter The Wu-Tang (36 Chambers) [Expanded Edition],119c93MHjrDLJTApCVGpvx,1993,./data/C.R.E.A.M..mp3,-0.5651764571424819,1.4253794316816353,-0.3861932610117981,1.7902634678433302,-1.6615748548672618,-0.11601119319063471,1.2274307313773687,0.006707281257302619,-0.7351595072718632,-0.5607417443407317,0.3660621563437368,-1.7876082806951392,-0.36942402641475675,1.0362035305244532,-1.2174870134887534,-0.8946847551461263,0.5891442259302929,1.064902674307897,2.595183395405028,0.309256779163865,-1.001901920498081,-0.8864308110758656,-2.132211671112718,-1.7803047392859483,-0.8801023129594348,-2.0236379150148234,-1.5596280775241806,-1.7400391167338278,0.57,0.479,0.549,-10.551,0.373,180.985,0.576
27,You Know How We Do It - Remastered,Ice Cube,Lethal Injection,2Ih217RCGAmyQR68Nn7Cqo,1993,./data/You Know How We Do It.mp3,0.05344833676040334,0.40905049553186984,1.4642476846859618,0.9517093889053966,0.5806338500517458,1.5120535264291832,0.7752862181743855,-0.5158359477267367,0.3569901816196218,-0.14369267235735741,0.14197613863535863,-0.659290504310738,-0.1344741923971516,0.17192921841347603,-0.8065630119391246,-0.016104218724305407,-0.8126996587139931,0.06436421853214938,-0.9639518135231409,-2.1667123406682096,-1.4271054978644035,-0.9564953162297525,0.8082120375352082,-0.3170234782368767,-0.9571572265280662,0.29597756497677813,-0.6998614094839085,-0.2992972315912058,0.0977,0.747,0.52,-10.523,0.0357,92.869,0.601
28,Juicy - 2005 Remaster,The Notorious B.I.G.,Ready to Die (The Remaster),5ByAIlEEnxYdvpnezg7HTX,1994,./data/Juicy.mp3,0.5954534366428321,0.7273731446018309,0.2817543613067095,0.3077020901541458,-1.470498048716961,-0.15800412007002448,-0.28473571100704487,-0.35595783357480676,-0.602244208877729,-0.24497558909842182,-0.2566383228973205,-0.10891283422336805,-0.603329349617438,-0.12353958427035756,-0.664570630776778,-1.0007080567162832,-0.6982593996307415,-1.658500389662396,-1.1857695499086,-1.320216972472984,-0.4404973900658753,-1.3226377105000016,-1.2095130783469037,-0.2829175263166215,-0.4127574875292768,-0.3803553536865176,-0.5433537010063476,-0.5082438511963966,0.472,0.889,0.816,-4.67,0.247,96.056,0.777
29,Big Poppa - 2005 Remaster,The Notorious B.I.G.,Ready to Die (The Remaster),2g8HN35AnVGIk7B8yMucww,1994,./data/Big Poppa.mp3,0.45329906936489867,-0.3570391567330739,0.44978136223376075,0.23428230307537087,0.257100857052252,-0.22930354770700598,-1.0041987906753709,-0.5734821976259916,-1.9530811710672265,-2.9081980925397994,-0.3596436179189762,-1.0584291531656411,-0.966223816855944,-1.5192734553969462,-0.30008194974914815,-1.4666550057037142,-0.15529433199998052,-1.022643183387177,-1.5335249209574864,-0.9608144764601423,-0.3471245249748286,-0.38527438951036935,-1.0117754902112097,-0.42669926169867956,0.5296450177292918,0.6893274549461808,0.5439132682698077,0.563454197135026,0.432,0.778,0.578,-7.22,0.274,84.487,0.758
30,"Shook Ones, Pt. II",Mobb Deep,The Infamous,33ZXjLCpiINn8eQIDYEPTD,1995,"./data/Shook Ones, Pt. II.mp3",0.5960314316285061,-0.36482176008719025,-0.841807767413044,1.4057720593065388,-1.5150757333597362,1.5526724830427445,1.4172608725166027,1.189845985268383,0.3552573999196258,1.1439228487728983,0.7650899105048578,1.5722061592008905,0.6692526158373013,0.7569570536845093,0.959798163426066,0.6953382841294903,1.1263806780150372,2.943666364273442,2.1962352373753844,1.9421897194381634,1.3770043966409793,1.6910432488279201,2.448476338229364,0.9423934541339276,0.28469738710474846,-0.2648551136617234,0.3201794351013136,0.11467946354363391,0.0146,0.763,0.786,-6.472,0.229,93.857,0.504
31,Gangsta's Paradise,Coolio,Gangsta's Paradise,7lQWRAjyhTpCWFC0jmclT4,1995,./data/Gangsta's Paradise.mp3,0.14684444655764153,0.4822456160705831,1.0761458478891337,-0.5014462903328606,-0.795737926746433,-0.48400543648492034,1.1211681113017489,0.520790581054215,0.3123841420575186,-1.4053217007343002,1.378958521847931,0.5282524831291041,2.1661453377562667,-0.22337425338439323,-0.25585314715477747,0.1105363543015345,-1.2171008788579043,-1.3065798880847725,-0.5479045540290152,0.6191450578630281,0.13472893340611788,-0.8133052994477277,-1.0694524313307723,0.40753476792669835,-0.3614000859170065,1.168128585556446,-0.057744679516968156,0.6352452835995805,0.0655,0.647,0.514,-10.05,0.0593,79.974,0.387
32,If I Ruled the World (Imagine That),Nas,It Was Written,5PQmSHzWnlgG4EBuIqjac2,1996,./data/If I Ruled the World.mp3,-0.7413318033935982,0.027545291093765245,1.2925695158581998,-0.140635533405996,-0.4586663102679789,-0.3161932555256226,-0.9502907059144284,-0.7044884853678667,0.27452242492032364,-0.2775984078448914,-1.1686496327977067,-0.31395823122495325,0.0444151854787616,0.03493652236082956,-0.8902460787558573,-0.9548411987765274,-1.161566526250927,-0.4092311268741439,0.11841695276595597,0.1044622850889702,0.30754508351715026,0.17368263586953664,0.6060724945475329,-0.2132735398672242,-0.27904857820091095,0.3077063853076341,-0.3275661786721156,-0.21954561910072404,0.0474,0.879,0.564,-7.682,0.247,93.908,0.523
33,No Diggity,Blackstreet,Another Level,6MdqqkQ8sSC0WB4i8PyRuQ,1996,./data/No Diggity.mp3,-0.12424560417205925,0.05399649111260908,0.11771048796102307,-1.1854046884628502,-0.9378958917302666,-1.4013503153595102,-1.3298950294847314,-1.0060781892644266,-2.3832261162575983,-1.7237787274664214,-1.9127493075385902,-1.6177366112765177,-1.1886255954891527,-0.6182902314670382,-1.4999855521852454,-1.540675122876562,-0.8580346197358695,-0.40499465904001847,1.2966857941305199,-0.7689390000439044,-0.8941145304527474,-0.07773861947737078,-1.117834288101374,-1.2357568078751668,0.36889231991878935,0.8253988823004763,0.41572394939772056,0.6360139955662658,0.303,0.868,0.646,-4.674,0.288,88.641,0.67
34,Hypnotize - 2014 Remaster,The Notorious B.I.G.,Life After Death (2014 Remastered Edition),7KwZNVEaqikRSBSpyhXK2j,1997,./data/Hypnotize.mp3,0.43906987062295205,-0.5863033488146849,1.372001611562709,0.5871036808624849,-0.05928880143623811,0.4077956743148284,1.122258389865425,0.15152534785334967,-0.6355120434919199,-1.2475997718236227,-0.15239396213486128,0.3434642242033646,-0.3938070844947971,-0.6137308615897281,-0.09938655377521648,0.44900788968134675,0.9298266623802994,0.6965609912890167,0.5379444473617435,0.10974838275413795,0.7583344836901166,0.7031781350971611,0.12581018158781843,0.03888097248060296,0.5350659081080994,1.0606251603708956,0.8796051823882886,0.9041813737750931,0.145,0.901,0.697,-3.439,0.28,93.941,0.67
35,Mo Money Mo Problems (feat. Puff Daddy & Mase) - 2014 Remaster,The Notorious B.I.G.,Life After Death (2014 Remastered Edition),4INDiWSKvqSKDEu7mh8HFz,1997,./data/Mo Money Mo Problems.mp3,1.1340805826888367,-1.0275019674034584,-1.214350912938899,-0.8597214758893985,0.4392826364337413,0.7149987922975274,0.9672085117299658,-0.09516819160774817,-0.15620674378412477,0.8000268502637281,-1.428721913198561,-0.31700562765769363,-0.5105474005849255,-0.41544981327589187,-0.8906259113788129,-0.19865555968718146,-0.25973887563408327,-0.5263227224075328,0.42002124962204795,0.23027962173072122,0.869045701245949,-0.252133169501216,0.0029362930916112997,1.2109445868651123,1.349500815387858,0.904215971331499,1.0717147815460024,1.109015307222781,0.0128,0.845,0.884,-4.506,0.0759,104.536,0.904
36,Intergalactic - Remastered,Beastie Boys,Hello Nasty (Deluxe Version/Remastered 2009),5fpizYGbi5IQoEraj6FP0R,1998,./data/Intergalactic.mp3,0.9811734527919268,-0.02964927647609377,-0.8122051781152394,1.2990222059082739,0.615238867147598,1.0031964410681333,0.639946554139445,0.27031938873790246,1.057009783496443,0.433300459397445,0.9475823404679137,0.21068858539693563,-0.4881362233341674,-0.6460923959000079,-0.09091797724254774,0.26869349600104614,0.740650302542968,1.4328754659827734,2.1595454191984413,1.6963865850952817,1.073130346578443,0.10217482488288104,-0.08091512686815762,1.1281956817124914,-0.23229167669787146,-0.4338128182868272,-0.3134039881531295,-0.4203906782107893,0.022,0.734,0.864,-6.119,0.303,105.933,0.47
37,Doo Wop (That Thing),Ms. Lauryn Hill,The Miseducation of Lauryn Hill,0uEp9E98JB5awlA084uaIg,1998,./data/Doo Wop (That Thing).mp3,-1.1036900062722195,-0.08502541067998473,-0.0017259588704471598,-0.49210569950332445,-1.16168519856822,-0.7022223163621335,-0.5212028419573823,-1.2847862171450726,0.6940038403155196,-0.06884712454285571,-1.2352625326873605,0.003493489702784605,-0.36150036100657507,-0.7346875807582872,-0.22052344954034184,-0.6855889943845822,-0.1303935659654314,-0.5026247002576831,-1.4337555560788102,-0.43587584061160034,-0.7053183750240396,0.1929217529020797,-0.7591467637255638,-1.2080602631730577,0.02086412212749907,-0.26826942357880934,-0.1897245423331966,-0.27454030190837075,0.0393,0.535,0.505,-8.926,0.245,99.935,0.495
38,You Got Me,The Roots,Things Fall Apart,4pdLZsxq0y5oJDb6Cxlokw,1999,./data/You Got Me.mp3,-1.0415455578309958,-0.13464923525162678,1.2197792312077766,0.7462775558085867,0.14924955419269947,-0.3630978959484719,0.7933259619903666,-0.9276795628380198,0.4209150911786771,-0.5411894980175459,-0.4974368318634825,-0.8935809142996451,-0.0865578585689046,1.6114815474783528,1.7753956837883589,-0.5839579445072042,-0.9240253785758199,-1.1279283839053775,-0.13924581310870873,-0.9181615850420772,-1.2840782252543161,-1.3521726113231487,-0.6490185804242493,0.4836214619686435,-0.2570702216219686,0.6887058271292181,0.01861545226901965,0.15703622519219815,0.151,0.729,0.442,-8.106,0.285,81.029,0.757
39,Still D.R.E.,Dr. Dre,2001,503OTo2dSqe7qk76rgsbep,1999,./data/Still D.R.E..mp3,0.7365774107221142,0.3372852094548602,-0.10806300647014716,-1.1373760952847614,-1.6674510916782062,-1.196692875830524,-0.7240985741465364,0.793562590960607,1.3667821573816752,0.8925342568385219,-0.2892184907581595,-0.7483392745749969,-0.40611229029323886,-0.3950686629903298,-1.9423083979121134,-2.2673612841551303,-1.755075191698904,0.1702278485771801,-1.549365013322301,-1.6228542454425123,-0.29543373323900085,-1.2481051313596394,1.9410804765944045,-1.0226557159791976,-0.2668509146514947,0.18196332855010866,-0.15903032230033431,0.019700897935986474,0.16,0.816,0.775,-3.323,0.234,93.431,0.527
40,Ms. Jackson,OutKast,Stankonia,0I3q5fE6wg7LIfHGngUTnV,2000,./data/Ms. Jackson.mp3,0.07889582549472736,0.6377448788813486,-0.1483335461757301,-0.558913089341684,-1.0354760915543118,-0.47496439999419704,-0.17180530646564235,0.08929716371182335,0.6953904848357674,0.24507610750725753,-0.6761011717865713,0.7278491688714271,0.2303466137874425,-0.8934656749315466,-0.44709253894293294,-0.808722665211309,0.31805639370677796,0.16996195376581483,-0.37059518304041184,0.3100145484314456,-0.29438207187090665,0.11846802017900343,-1.0014769591266464,-0.21884106593260805,-0.1542009689037451,-0.025036283078868415,-0.3910452744090001,-0.2501158501688951,0.142,0.843,0.805,-5.946,0.269,94.946,0.615
41,The Real Slim Shady,Eminem,The Marshall Mathers LP,3yfqSUWxFvZELEM4PmlwIR,2000,./data/The Real Slim Shady.mp3,0.25900117789895866,0.152140671223892,-0.3740390564388378,0.4971440736689489,0.8377473530659154,-1.5780165703481872,0.23425547836861377,-0.2778879417564703,0.1320820255713704,0.5422352353744041,-0.3406092210620342,0.7640394922615478,1.0241519868950273,0.9260702278952139,0.6872472509365325,0.7007285572302611,0.1757958349179125,0.13543924000451596,-0.48100916097492813,0.12196050986084146,-0.6190647842761781,-0.7245219967711723,-0.25085362902772973,-0.06124558285757625,0.4051971084062252,-0.43986958504706664,-0.17817964052726148,-0.4768982972121299,0.0302,0.949,0.661,-4.244,0.0572,104.504,0.76
42,Clint Eastwood,Gorillaz,Gorillaz,7yMiX7n9SBvadzox8T5jzT,2001,./data/Clint Eastwood.mp3,0.41701548758749263,1.0332224430017296,0.07272592250736652,0.7625066669688331,-1.1998771007208304,2.0868321352793755,-0.2997657646681682,1.046099905258229,0.048045255436210535,-0.027605257592521887,1.4208082602718441,-0.3277145814522093,-0.7841194518463406,-0.9646001673212768,0.04251497505061403,2.439257894887854,0.46908085074805667,-0.3398293375916945,-0.6207976319398013,-0.8370425603516902,-0.9353384283185299,-0.21750507595577226,1.4880304709641765,-0.25296759105446887,-0.8615350935379877,-0.7183875565984753,-1.020944255197464,-0.7519088790675815,0.0249,0.663,0.694,-8.627,0.172,167.964,0.524
43,What's Luv? (feat. Ja-Rule & Ashanti),Fat Joe,Jealous Ones Still Envy (J.O.S.E),2mKouqwAIdQnMP43zxR89r,2001,./data/What's Luv.mp3,-0.3606958293251561,-0.7406773806201605,0.05870709519203611,-1.142298486385591,-0.6300985998409011,-0.9348188127537003,0.1250827609211677,-1.8714536042055967,0.902685963440568,-1.1231710013334233,-1.6548606870052245,-1.2320363605245868,-0.6269399752604372,-1.264411612475499,-0.6247415552812581,-0.034628836440025776,-1.5966239756889853,-1.8328857542796873,-1.0778743303355902,0.5611689635935683,0.2903561127316239,-0.8010419852594964,-0.8942030094821705,-1.1339165847980976,0.46334058535331707,1.018425673748304,0.6717135247651563,0.7852888025783304,0.0219,0.835,0.707,-5.074,0.0598,93.955,0.919
44,'Till I Collapse,Eminem,The Eminem Show,4xkOaSrkexMciUUogZKVTS,2002,./data/'Till I Collapse.mp3,1.3532819347284772,0.31927306475077694,-1.471013228411859,0.7466970126929595,0.7993963253351571,-0.7152217024686003,1.2879098073582294,0.6527048887933661,-0.10300752239918196,0.3652974731535215,0.8298724880428671,1.0135766157021542,1.1031987542638246,2.8136955475862733,1.063893944466517,1.0689855937461734,0.13427845091197416,-0.6276166054449647,-0.8659060255150663,-0.19926197334974027,1.1531979011549625,0.1883773648551865,-0.0860400287513189,0.5780608890306916,0.49378006980425665,-0.8146031659825499,-0.22564513376218512,-0.5506522507521756,0.0622,0.548,0.847,-3.237,0.186,171.447,0.1
45,Without Me,Eminem,The Eminem Show,7lQ8MOhq6IN2w8EYcFNSUk,2002,./data/Without Me.mp3,0.25605855784371256,-0.1152421565468518,0.7833819801431686,0.7616587211953949,2.4517889208944164,-0.6271422849133331,1.9521908184358732,0.8855496625694954,0.701311890856436,2.4518890734603285,0.8749865958764825,0.9261294050380756,-1.3571820973378708,-0.8769012947475913,0.03656586114685128,-0.252379060577569,-0.4893533254140495,-0.022823617351958887,1.452563664241313,3.2165039965643123,0.9220422659210579,-0.14966919310382973,-1.0517618353813845,-1.4926456383170486,-0.7841783892332733,0.5182581956990729,-0.019378044961673394,0.04501675808932366,0.00286,0.908,0.669,-2.827,0.0738,112.238,0.662
46,Hey Ya!,OutKast,Speakerboxxx/The Love Below,2PpruBYCo4H7WOBJ7Q2EwM,2003,./data/Hey Ya!.mp3,1.7968835633474691,1.3235458138883789,-1.0272975702089913,-0.37194137712130815,0.3081269523436742,0.5727347501104166,0.37813187104526186,1.0852959793585428,1.086828650586038,0.7054060171383888,-0.4426664182100664,0.9492505668722899,1.4590143315494306,0.3003832196023567,0.049439851213128924,-0.20077914509490824,0.37920841376108316,-0.14188852368069418,0.2026315524791027,0.39600577854393865,-1.0271478024407623,-1.05257500472676,-0.46884780887534777,1.6407351839949984,-0.6919918993205355,-0.9392164594393317,-1.1604702191091498,-1.282324642870707,0.103,0.728,0.974,-2.261,0.0665,79.526,0.965
47,In Da Club,50 Cent,Get Rich Or Die Tryin',4RY96Asd9IefaL3X4LOLZ8,2003,./data/In Da Club.mp3,0.7283739938939447,0.7035385597117662,-0.779903912305949,-0.8430481906312658,-0.0006552770259332005,0.27231208153833825,0.5051824290860693,-0.4268807687682285,-0.672140590823262,-0.76993657415305,-1.7339240233163304,-0.3184928167203662,-1.4612905692309373,0.415598102826749,0.40524568612676837,0.40718563749255005,-0.4247362419781048,-0.8387666360247557,-0.5265172833183185,-0.047573074211738946,1.7207831367923938,0.6019903895843264,-0.9359841090965341,-1.2667549872969226,-0.311874025819348,-0.6134374532604004,-0.5432830201445653,-0.6964344415737701,0.26,0.902,0.72,-2.776,0.347,90.059,0.805
48,Yeah! (feat. Lil Jon & Ludacris),Usher,Confessions (Expanded Edition),5rb9QrpfcKFHM1EUbSIurX,2004,./data/Yeah!.mp3,0.9029699188133385,-1.9842331488017488,-0.4687331584470539,-1.654483065295857,-1.0089457997725404,-0.5026239213848063,-1.6167863292121694,0.2918607507351612,0.008883664965203951,1.2535718769817499,1.726718341325404,2.585119478633963,-1.4250507013950748,-1.0758986517297142,1.0463732492180122,0.9228555379822604,-0.38353742564652005,-0.3173229161014142,0.2712248410663523,1.2245380045193095,-0.27195882820645595,-1.047074597787777,-1.5184473537939158,-1.5005526540792509,1.2505094003765516,1.6244021120234693,1.745242119305634,1.7672171750551968,0.0183,0.894,0.791,-4.699,0.112,105.018,0.583
49,Mockingbird,Eminem,Encore (Deluxe Version),561jH07mF1jHuk7KlaeF0s,2004,./data/Mockingbird.mp3,0.7940001250241037,0.7985182549263445,0.7078172401072975,1.0881169546586813,1.0315474078664628,0.23510381419113388,0.767607785212414,-0.018805729278895112,0.6492801072557799,-0.356809980201025,-0.8555326205178893,1.0973249188821257,0.48931661262650256,0.5335545816802875,0.741373514563447,0.803453303716545,1.2157964278292563,0.11375491148542165,0.07136695737285212,-0.5489456392567009,-1.22803155951996,-1.1286897311423127,-0.7140528490046584,0.9155905341981325,-1.0790269984193668,-0.6075918074064862,-0.678568304647473,-0.865076192463123,0.209,0.637,0.678,-3.798,0.266,84.039,0.254
50,"Lose Yourself - From ""8 Mile"" Soundtrack",Eminem,Curtain Call,5Z01UMMf7V1o0MzF86s6WJ,2005,./data/Lose Yourself.mp3,0.4832476506258474,0.8448599802526278,-1.142175556980723,0.9223699902436111,1.3829538434222242,-0.4258124260441513,2.237717673274616,0.9910865017628981,0.03547891457403538,0.7527625255502219,0.5249796899278903,0.06441498166406803,0.4304898413384033,2.2911192998678716,3.529494750657181,1.0401095064351897,0.33056631117144125,-0.26576742890211125,-1.2150441512056407,-1.3622921494772813,-0.715152411208392,0.20898550480036632,-0.2768450100483853,-0.5269433998810921,-0.4104682215440621,-1.436256451473659,-0.8881201644978786,-1.1424023644235755,0.00868,0.692,0.744,-4.565,0.257,171.374,0.0612
51,Feel Good Inc.,Gorillaz,Demon Days,0d28khcov6AiegSCpG5TuT,2005,./data/Feel Good Inc..mp3,0.5393914252289166,-0.09458298204124836,-1.8855271572857295,-0.1355549471918182,-0.5837244088460896,-0.3250164969777578,-0.4888664374655993,-0.4573679250800843,0.30599027321273825,-0.5647247105209827,-0.457142486123144,-0.9014737819455363,-0.3255516279226684,0.022587935477486727,-0.18207581793757513,0.3149340625359424,-0.5721423392477644,0.10473585009092709,-0.20710385543731322,-0.25669683647810965,0.7594333896081475,0.19322999951637226,1.141693692888134,-0.03280564562538717,0.32877927676967017,-0.6128625544866393,-0.02290222969822534,-0.23620075963625747,0.00836,0.818,0.705,-6.679,0.177,138.559,0.772
52,Blow the Whistle,Too $hort,Blow the Whistle,2lMg3lCMOGistaWBNGjuT3,2006,./data/Blow the Whistle.mp3,0.6206597961084184,-0.16703941201813238,1.0526712026980705,0.48806092340550533,2.2904948031027903,0.9196135651706558,1.3553790217341315,2.10918813700809,1.5120342070000594,1.4363283250252905,1.8027938055806763,0.46852683682054647,2.581071385133566,1.6547077387272229,0.3085087986136593,0.7588038741176716,-0.13203975509079588,-0.5221001721413701,0.39065537202871586,0.22425295831976422,-0.3672626875719736,-0.2202428494087815,0.9832249881302174,1.588381481056981,-0.7835742779426215,0.9574470008151973,-0.15003022401808186,0.2951321167531427,0.0042,0.907,0.625,-5.557,0.198,99.918,0.605
53,Caribou Lou,Tech N9ne,Everready,0I0wn4G67txQwENcmRH3d6,2006,./data/Caribou Lou.mp3,1.1968906747813737,0.38266382969623286,-0.070676895472708,-0.4482814101703837,-0.42791813288284763,0.09347545190007801,1.1953024476231404,-0.4285461929072129,0.2737684917577583,-0.7416201152399704,0.4144590551081762,0.792521288329423,0.7023942804326121,0.4975394354142294,0.03036190266686802,-0.0386488580187708,0.8679743762833719,1.168634321921039,0.19005491420254245,0.0820811827383844,0.2539900283410308,-0.21329214132777477,-0.6150634399798134,0.05802074763489819,-0.13292320166291333,0.3597536537543267,-0.08189279651959012,0.08932298304647239,0.127,0.784,0.815,-2.703,0.298,178.119,0.559
54,Buy U a Drank (Shawty Snappin') (feat. Yung Joc),T-Pain,Epiphany,2aIdVb8v9KTpEZnftkz2mD,2007,./data/Buy U a Drank (Shawty Snappin').mp3,0.1517689356091419,-0.7652820439439308,1.132957315721336,-0.27502575653383937,0.5906847729740053,-0.28281579772345183,-1.9488518339033638,-1.0407116420503015,-0.2016640983034229,-0.5068069052223085,-0.269802723638529,-0.47848918043386013,-0.3168034012196176,0.4901833061460168,-0.06630140803281472,1.0933032646142813,0.29585390200211514,1.1022110132304586,-0.08885084766335563,-0.183477203557251,0.25635802397764945,-0.5631438849436612,-0.7493879610962314,-1.7543259869674506,-0.38699833018780616,1.5512174547106479,0.552544186350204,1.1739089112008585,0.0108,0.451,0.55,-8.137,0.262,80.001,0.594
55,X Gon' Give It To Ya,DMX,The Definition of X: Pick Of The Litter,1zzxoZVylsna2BQB65Ppcb,2007,./data/X Gon' Give It To Ya.mp3,1.5454379399809823,0.2843464638123491,-0.36886355574492996,0.41994049658153604,-0.6218119502284877,1.8633561152220972,-0.4473070179482836,-0.3060649245491436,2.0755008894748745,-0.3405996824697062,1.2168268872197547,1.0382163488296108,-0.7047605194109144,-0.5265037168828526,-0.6612169723967045,-0.34847576174121425,-0.14773982891995335,0.6419707352100281,1.170883490429303,0.9060219691054519,0.61558030123877,0.43697519532376067,0.679766923210958,-0.17233022512258042,-0.6990412575878038,-0.1457089074032777,-0.46852774519578394,-0.223791205030992,0.0135,0.761,0.899,-3.09,0.183,95.027,0.673
56,Kiss Me Thru The Phone,Soulja Boy,iSouljaBoyTellem,2q4rjDy9WhaN3o9MvDbO21,2008,./data/Kiss Me Thru The Phone.mp3,1.1472141002629044,-0.5229717786860789,-0.1317619881815265,0.2895333112844593,-0.4621424992446904,0.1587855661734191,0.3587860379865134,0.22744904699121293,0.21290979259402912,1.0362342623995244,1.1759403290581483,1.3232328544257674,0.0956319842944168,0.753514088407271,1.042763444539529,-1.0465636040241033,-0.7108167368651227,-1.4425518780939983,-0.4428826235422765,-0.015328453016409772,0.5323057392993353,0.9578112680592537,0.35630160891953716,0.7559217801292933,-0.8365992466644646,0.6603983909978762,0.18621899490580168,0.467702415221032,0.0185,0.758,0.712,-3.781,0.112,149.998,0.795
57,Whatever You Like,T.I.,Paper Trail,1IAzD1muglOxOcPbUHs70R,2008,./data/Whatever You Like.mp3,1.0706410388139056,-0.34566241344891846,0.12702575147762984,-0.5519228823439337,-0.013229770212582143,-0.9989062841286938,-1.9793343206348217,-0.2073253293231602,0.9857444440168569,0.014956883798996505,0.47104840727394026,1.2547548821048444,2.026131270702636,0.9107181918240993,0.22806163220585313,-0.5421640081244993,0.3856554185083346,1.3339444936442797,-0.8494185779446758,-1.17118731698599,-1.1322671998517186,-0.1461437560724219,-0.5252482048425975,0.6263969219000011,-0.38206747852442663,1.2109321833954363,0.4515686752434554,0.9288229550992966,0.0161,0.68,0.687,-6.162,0.0709,150.053,0.467
58,Day 'N' Nite (nightmare),Kid Cudi,Man On The Moon: The End Of Day,5FEXPoPnzueFJQCPRIrC3c,2009,./data/Day 'N' Nite (nightmare).mp3,-0.3682014428394728,1.0435390009018475,0.8488820589648873,-0.0080013629919566,1.636865468062544,-0.48031070974438855,-0.39713210226441203,-1.4459961936665915,-0.5822823151968178,-1.5575877631972477,-0.30989957133954665,-1.1157078810492933,-0.13408813763131713,0.3676094051797679,0.8004803549352899,-0.3560275206145917,0.03321450509645348,-1.1901266433750404,0.05263670121045685,-0.7497575913589049,-1.413048755216661,-1.5214975742168142,-0.9730616168692154,0.873393074368855,-1.2031694628059613,-1.2308982523711482,-1.4977441135289027,-1.6887486296841607,0.499,0.871,0.44,-6.25,0.0761,137.996,0.799
59,Pursuit Of Happiness (Nightmare),Kid Cudi,Man On The Moon: The End Of Day,5iSEsR6NKjlC9SrIJkyL3k,2009,./data/Pursuit Of Happiness (nightmare).mp3,0.18887168413381558,1.2741203727784092,-2.2410290270618587,-1.1010008571956027,-2.2247061411452735,-1.3274112176327328,-1.4646113930701454,-2.0737495375221218,0.1970713052914602,-1.7736271524113263,-0.11598720065307508,-0.5817668335712926,0.7963047614468848,-2.065524312150953,-2.173118550892363,-1.8721203487734694,1.175075728061629,-1.6051508885491472,-2.2995883985475616,-0.7797621217641039,-1.0263087600643743,-0.08725807603545722,-1.5408698793768358,-0.3597194283765425,-0.6253752123863707,-1.7651024005912315,-1.1506323680674762,-1.4395044546100122,0.484,0.63,0.605,-8.951,0.0414,115.277,0.266
60,Love The Way You Lie,Eminem,Recovery,15JINEqzVMv3SvJTAXAKED,2010,./data/Love The Way You Lie.mp3,1.1349467747751703,0.08393091056170872,-1.858798051618033,-0.4391389343967933,0.5226497892870955,-0.7083371034129438,0.2999531140286045,-0.31203511601509065,0.3367510909041959,-0.9642691533298742,-1.0199692271621994,-1.115871850481257,-0.361296861302705,-0.42632603362188787,0.7057547683822516,-0.4449488737332818,-1.486045043201346,-0.9197113080449412,-1.8561539205515827,-0.7521032951604731,-1.012252136370174,0.27000855047302724,0.8573423586795237,-1.0677890713179528,1.1301017994594083,-0.33236598078997737,0.34554362834631436,-0.08503080332989839,0.241,0.749,0.925,-5.034,0.227,86.989,0.641
61,No Hands (feat. Roscoe Dash & Wale),Waka Flocka Flame,Flockaveli,03tqyYWC9Um2ZqU0ZN849H,2010,./data/No Hands.mp3,1.0255630771016824,-0.43695417828550376,0.5946564256512409,-1.2532736012974075,0.32728282196301084,0.667696337711867,-0.5529801822648012,0.5151754354615288,0.6829547731883806,1.312458298467642,1.6763064647571229,2.266718241198173,0.2491454211974148,0.8944004651371972,0.41396573664615155,1.6377471844833127,2.0195272112465052,1.633675843514641,1.600534786006031,0.6185644896426798,1.316984183992546,0.09886721986919683,0.4421237011402206,1.0673007228881126,-1.0441763197164387,1.6370290667733294,0.5056522909393731,1.3310922747675162,0.00544,0.76,0.595,-6.366,0.0391,131.497,0.361
62,Work Out,J. Cole,Cole World: The Sideline Story,2wAJTrFhCnQyNSD3oUgTZO,2011,./data/Work Out.mp3,-0.21070672303690888,0.8915163839772012,0.550122414477879,0.3856507770270587,-0.220679328821225,0.9333543309198261,0.8468303096818683,0.23472342060286078,1.4868925627878244,0.3625751324914525,-0.17425520487049,2.5579548409015764,0.8326864953446536,0.4629135302511311,0.6317565460258804,0.7688026189485361,1.7954955959955456,1.9114603768812144,0.6280498096242972,0.3760562172961985,0.3734005236997611,1.2392282522323734,0.7478625229517778,0.4395067155330385,-1.5920640761164313,-0.7509180573901006,-1.2619058056532377,-1.1083654996914625,0.0531,0.831,0.427,-6.903,0.106,93.004,0.216
63,Marvins Room,Drake,Take Care (Deluxe),047fCsbO4NdmwCBn8pcUXl,2011,./data/Marvins Room.mp3,-2.529570670671452,2.2861253827100225,1.591317556805206,-0.2981859687625562,1.1024763643185096,-0.7174664111040618,0.1642480432667225,-1.3877914836276186,-1.4527298333050749,-0.7126380027344567,0.19128673957111952,-1.4984227038257474,0.8642560617942225,-1.2213666452768916,-0.7716512157534103,-1.5913481530513554,-0.3239789250231623,-1.3720638650357107,-2.04981177034093,-1.1041755626415672,-1.0164273724548514,0.5751540952730767,-0.7493244741104306,0.003995301800221195,-1.7785052572068147,-3.648893560048511,-2.79047490117919,-3.2561578911505893,0.646,0.492,0.26,-17.341,0.0921,111.519,0.312
64,Dreams and Nightmares,Meek Mill,Dreams and Nightmares,42zd6DYQ4o4SECmTITrM1U,2012,./data/Dreams and Nightmares.mp3,1.5701408581077254,0.19495205085205347,-1.4165569983474429,-1.9980495826878322,-1.397803367057827,-2.278890332870865,-1.8441744850222548,0.7733698804670031,-1.4750549119227254,-0.15033173665192204,0.002880739388716388,-1.1766603358091168,-1.3017451904955604,-1.7370711897344053,-1.6823399971649906,0.1910323876461878,-1.0318531189828497,-0.8601896621546382,-0.23910230226198198,-1.987484436721078,-1.5305870768012664,-2.1055133356843294,-0.7286405315367779,-0.6668588737503074,0.4651468976520391,0.059205541678729795,0.20927341235491548,0.21738290115003897,0.468,0.631,0.774,-2.459,0.3,79.745,0.44
65,Money Trees,Kendrick Lamar,"good kid, m.A.A.d city",2HbKqm4o0w5wEeEFXm2sD4,2012,./data/Money Trees.mp3,0.22520715329034216,0.015567139170604281,1.3741826966398045,-0.05319874834937499,1.194089293609158,-0.8978475697613761,-0.5676109872542611,0.6558823190609688,-1.6786294633892003,0.878033234065453,-0.02312223588428084,0.8703989795040921,-0.02825697129134134,0.40092241540111834,0.23365373664824643,0.032603853176611644,0.835122878885474,0.913483057086884,1.1299125959283067,1.4664668578421396,0.26960342643865315,0.12420857384340811,-0.2348733648505441,0.34419477591500885,-0.4894322325603564,1.0495886519520625,0.3253099706993093,0.7436051940434444,0.0703,0.716,0.531,-7.355,0.122,71.994,0.344
66,3005,Childish Gambino,Because the Internet,2ZltjIqztEpZtafc8w0I9t,2013,./data/3005.mp3,0.05842939585511486,0.6226674512783175,-0.4988058556558355,-1.0852642472393497,-1.2268502762900224,-0.9233484896250582,-0.42824647361676993,-0.792419660187368,0.4895687015126882,-0.7447566268756857,-0.1167712147745247,1.649896514519524,0.22954486683386013,0.866197193491615,-1.0753708666157455,-1.4822532489272893,-0.7007030967410223,-0.7745073307391004,0.47002724030973486,-0.010944064459751384,0.6225712686732353,0.4654030493879565,0.01840233164340296,0.7835301424834821,-0.8096815063473579,-0.46986921107167523,-0.6843920313095821,-0.6629076441473558,0.113,0.472,0.448,-7.272,0.326,166.077,0.636
67,"F**kin' Problems (feat. Drake, 2 Chainz & Kendrick Lamar)",A$AP Rocky,LONG.LIVE.A$AP (Deluxe Version),4X5f3vT8MRuXF68pfjNte5,2013,./data/kin' Problems.mp3,-0.8013534594249376,1.043622403056466,0.14337461633802714,-0.775939079410275,0.2128460519721655,0.10522149176830085,1.3627410959249004,1.2118654825607944,0.7938188886205461,0.7100650675374097,1.4979076709814494,0.4059995970730588,0.9533409668813017,0.8900131170875845,0.0426997104428236,-0.34483922854760735,-0.35604803958142195,0.5117457246938444,0.7339843754429025,0.7389502284468138,1.3221699452147597,1.1604912654516617,1.1228199913933565,1.0278978583755571,-1.3136749211370908,-0.8123564277770081,-1.212335761582165,-1.2098139492309572,0.024,0.852,0.693,-6.87,0.274,95.967,0.66
68,No Role Modelz,J. Cole,2014 Forest Hills Drive,62vpWI1CHwFy7tMIcSStl8,2014,./data/No Role Modelz.mp3,-0.6964581857015765,1.0568321301998171,-1.0458716399572763,-1.5044262953742276,0.17064450017078092,0.7907899803763793,1.0431499520236678,-1.1246730780365692,-0.3952302059192563,-0.4854631936597144,-0.022540608256643974,0.40799919758991116,2.0534967989587507,-0.38185751694138453,-1.5076067075533135,-1.3456414407276505,-1.5816100058066747,-0.6632322885961279,-1.9798629557002625,-1.2038982335333681,-0.7506927419719314,-1.146988700527978,-0.17843020597274675,0.2623973556075331,-0.6761625615441283,-1.7819042205106586,-1.1716147670408517,-1.4454391056711335,0.302,0.696,0.521,-8.465,0.332,100.0,0.458
69,Wet Dreamz,J. Cole,2014 Forest Hills Drive,6Ius4TC0L3cN74HT7ENE6e,2014,./data/Wet Dreamz.mp3,0.05730465582432476,0.6880838731965554,0.6580391062758612,-0.04051758698483392,-1.0419340170830478,0.11808243262122799,-0.48088509845172717,0.18217693235393723,1.1897424628707793,-0.41593810851840185,-0.4295136120478778,0.9410635615986522,-0.8743513420936271,-0.5026746484451861,-1.0808549153213345,-0.32498439969729465,-0.9863386127004915,-0.7214894352549367,0.031439365280455135,0.03341791683591972,1.3139388965001415,1.021368796613415,1.265337091665,0.262925590994761,-0.811653833879651,-0.02975597908894468,-0.6788890981495777,-0.4421835813089692,0.0752,0.504,0.705,-8.205,0.364,175.483,0.584
70,Come Get Her,Rae Sremmurd,SremmLife,1Ser4X0TKttOvo8bgdytTP,2015,./data/Come Get Her.mp3,0.43830857179930155,0.9902735692094747,0.03648714952711522,-1.7539652591125703,0.28773483554956447,-2.3657821083779185,1.5705843697393618,-0.0646249750343029,1.1173505932669254,1.7984137967085683,0.9049988512598598,1.8771783712067842,-0.5755886886858674,-1.0345655963689748,-0.20654836080880548,-0.7159333425036867,1.0576020118420784,0.8332285808572477,-0.2845105452415063,-0.46684851921072335,-0.39059976074058517,0.7281199995459071,-0.4000499000452293,-0.5874405285657852,-0.6491560708618965,0.2600280921559209,-0.39782106954011165,-0.10917475807922668,0.187,0.689,0.564,-6.226,0.136,185.023,0.123
71,I Don't Fuck With You,Big Sean,Dark Sky Paradise,7FYH5AW3bVfZHJIQpq3UOA,2015,./data/I Don't Fuck With You.mp3,0.45759578896253156,0.4260483127364983,0.026233000036230775,-0.2702448518599776,0.780449984955834,0.06605733316053065,0.3413681288264969,-0.10018826643100764,-0.16454374350392972,1.0519505509294333,0.26945825820840236,0.7579285398305198,0.5583160405377701,1.0077763889287714,0.5982203732494459,0.4344738049757188,0.16613320266351003,-0.06532449786194905,-0.08962913761079618,-0.6820265417432745,-0.5763835237662603,-0.5863313051634886,-0.008648325338605052,0.5154649832813917,-0.3463119729095867,0.06645310713981036,-0.23905638495285242,-0.12089892857234143,0.0355,0.824,0.733,-5.475,0.0613,97.971,0.393
72,Low Life,Low Life,EVOL,7EiZI6JVHllARrX9PUvAdX,2016,./data/Low Life.mp3,-0.6681359540131419,2.180801796153713,1.1624719062858189,-0.9271892304998706,-0.4977949382141997,-0.8371807616117188,2.0696240937610813,-0.7730059416069927,0.6770870879690443,1.019709852013628,2.160515754501631,1.2336623891039644,1.79556117711201,-0.08420005128020754,0.20881605883588406,1.07934749399338,-0.23948148572647882,0.4486743230067201,-0.14962903347331724,1.0630604562639419,-0.10070181124394761,-0.7961008340490382,-0.5218849670868567,-0.49929843597260315,-1.5558854956490962,-1.8752368676974809,-1.9845603674170202,-2.039395896200294,0.337,0.722,0.331,-7.789,0.0725,143.974,0.102
73,Nights,Frank Ocean,Blonde,7eqoqGkKwgOaWNNHx90uEZ,2016,./data/Nights.mp3,-0.5530885003228979,1.5522241764888363,-0.13569534567575925,-0.37053546355328004,-0.7429899833732712,-0.5008671724007595,0.017323691935439565,-1.475715997129782,-0.9852546440277861,-0.6055474079095627,0.007491597407651434,0.15770342704242937,-0.31009482170595754,-1.1325268429171755,-0.19839285600481807,-0.5300271510443144,-1.5414195606985428,-0.029974419444835972,-1.2340107675601648,-0.9833482032976751,-1.289944887570074,-1.7186025052812752,-0.3840032699298043,-1.4961717950903217,-0.8522130736752257,-1.0361110399801126,-1.216654220897803,-1.217795492459757,0.42,0.466,0.548,-9.362,0.118,89.815,0.423
74,Jocelyn Flores,XXXTENTACION,17,7m9OqQk4RVRkw9JJdeAw96,2017,./data/Jocelyn Flores.mp3,-2.677434033389303,0.07721250456799152,0.5078025458349716,-0.3825743472697781,0.24022323026848738,-0.5437881837020955,0.3069230756121122,-2.6951586888975885,-1.9317914456612946,-2.571651279239011,-2.29062655360757,-4.231210694449282,-1.391269601606512,-0.8837974590868274,1.378846869053319,-0.27501030609573435,-1.8045375842900417,-1.569565277611319,-2.00295791931351,-1.6076261891944041,-2.1670028054942057,-1.8629724102944272,-1.4594136179607686,-2.304931213628137,-0.07875160069488521,-1.1345740630947565,-0.6194977595399107,-1.015558067809631,0.469,0.872,0.391,-9.144,0.242,134.021,0.437
75,Fuck Love (feat. Trippie Redd),XXXTENTACION,17,7AQim7LbvFVZJE3O8TYgf2,2017,./data/Fuck Love.mp3,-1.703468588300019,1.2413537341904328,1.8907981431786614,-2.0448922805441745,-0.10690563578702858,-0.12268604496875107,-0.0767567848218872,0.1684185928532598,-0.5460944436593381,1.1393286675107035,-0.1770973513528335,-0.09131615304648201,-0.008094637820307714,-1.5210292556214735,-0.15455948910016076,-0.6756592633503639,-1.4980323378676252,0.6772473277003911,-1.2572888780746474,0.48584481201034513,-0.1220653817086292,0.017616178400412314,-0.3436675496865965,-1.1552757177401591,-1.1992041017625823,-0.6634698128186293,-0.9856728733769577,-0.6730551002006293,0.0172,0.797,0.533,-9.74,0.0412,131.036,0.329
76,SAD!,XXXTENTACION,?,3ee8Jmje8o58CHK66QrVC2,2018,./data/SAD!.mp3,-1.2005107672186373,1.1767198306948492,1.0573668489287742,0.09435394231115037,0.6398659250403292,0.30246769648816,0.9457191678643787,0.12530745647146588,-0.05921906771100722,0.1829477748943103,-1.8489628743499573,-1.2779227159723372,0.10829795823884697,-0.2963601397585653,0.9152008798101027,2.383019222916804,0.05947368897589832,0.07326693890889945,-0.34757339572029655,0.9148802342722311,-0.721182210741628,-1.4683899288753743,-0.5500345359664089,-0.7455404750363258,-0.8069483293397582,-2.3678880680428724,-1.4525193262040546,-1.742012092121353,0.258,0.74,0.613,-4.88,0.145,75.023,0.473
77,Going Bad (feat. Drake),Meek Mill,Championships,2IRZnDFmlqMuOrYOLnZZyc,2018,./data/Going Bad.mp3,-0.3605085435673589,0.24720329176072037,0.38732267778422325,-1.097495999123219,-0.849713725331382,-0.9807049166893663,-0.9260021868628543,-0.4740618759732757,-1.302700902501361,-1.175867574579517,-0.5112674517432769,0.258963874687753,-0.9540422068592397,-1.5850464612741901,-1.674665196183115,-2.0745644478926826,-1.0609841495330785,-1.391563952466711,0.3684044635062479,0.49216610428971014,-1.2844624928384947,-2.0134382391848598,-1.8554380243656392,0.6674036288518042,-0.6030239768835143,-0.04319395819394632,-0.39790978524261145,-0.20428470196641674,0.259,0.889,0.496,-6.365,0.0905,86.003,0.544
78,BOP,DaBaby,KIRK,6Ozh9Ok6h4Oi1wUSLtBseN,2019,./data/BOP.mp3,0.8420807905920418,0.03894221928793279,0.41786971051261373,-1.4481495792372392,0.24970552817805733,-0.7790448982669234,-1.879692471863855,-1.7705689893655832,-2.40262198285856,-0.5413290615911591,-3.061095244033349,-0.6402658691007475,-1.047014346051296,-1.1721752468138893,-1.0278877898477439,0.29600561012860777,-0.46207909227356503,-0.7590454424050189,-0.820602339109619,-1.5669514160876143,-0.3757242057516774,-0.9324072783611806,-0.018483045255904412,0.32881519648948404,0.3759718513052013,0.3815687574613233,0.5930703480924338,0.4542447963458838,0.189,0.769,0.787,-3.909,0.367,126.77,0.836
79,Ballin' (with Roddy Ricch),Mustard,Perfect Ten,3QzAOrNlsabgbMwlZt7TAY,2019,./data/Ballin'.mp3,0.044047382747554216,0.5843230079463214,-0.26540292286917566,-0.9539613639209936,-0.22016623595027773,-1.1058830140388547,-1.0624037138841702,-1.771544215196713,-1.0010595620804439,-1.1471943172827115,-0.4474229665486207,-0.8583399659242864,-0.008840716939504877,-1.0867164720138267,-0.08785327953909655,-1.5560236173293684,-0.910561245286546,-2.464226733376893,-1.490171981764545,-1.1560390841711803,-1.6159395596418855,-0.4477146202321165,-1.2973001596373954,0.7081153252523944,-0.7275707335090055,-0.6407999798552679,-0.7108187544715725,-0.5736120601142082,0.392,0.809,0.545,-6.678,0.0735,97.008,0.244
80,Toosie Slide,Drake,Toosie Slide,127QTOFJsJQp5LbJbu3A1y,2020,./data/Toosie Slide.mp3,-1.0468268357869506,0.9031267671958436,2.157247141823418,-1.0964350785548045,0.5861727578385044,-0.9591534074721517,-1.133640749569717,-1.3714027144691394,-1.0399518679659199,-1.0772226532076083,-0.6593774597447785,-0.8436038682254914,-1.4083465858723447,0.13619755956778953,-1.8929961043630867,-1.6936451727842008,-2.3190701952865562,-1.92248321402173,0.3693733201790662,0.005127063124297778,1.2850394992102043,0.08418129826227706,-0.026781315878971573,0.2050682952708458,-0.8384694271982561,0.06620253214374493,-0.43809618133313966,-0.328450532229704,0.321,0.834,0.454,-9.75,0.201,81.618,0.837
81,WHATS POPPIN,Jack Harlow,Sweet Action,1jaTQ3nqY3oAAYyCTbIvnM,2020,./data/WHATS POPPIN.mp3,-0.17267907285186557,-0.8906525305115027,0.34467547030005896,-1.615095968034296,0.6779120975345854,-1.5395468640989802,-1.4745490298297195,-0.5522247866050386,-0.9871387567257043,-0.20021500615188964,-0.9002203366975029,0.5871525684842547,0.7173387721496304,0.35848695119799684,0.08046288337928065,0.4993100197008706,0.8036887022376304,0.2717633799061334,-0.06850467920479293,0.22928040323584806,-0.2855162908647716,-0.09520719609279743,0.11401515228110312,1.2777057301474186,1.2907207034718284,0.8951567551556547,1.6083360366800943,1.1467791931113154,0.017,0.923,0.604,-6.671,0.245,145.062,0.826
82,All of the Lights,Kanye West,My Beautiful Dark Twisted Fantasy,22L7bfCiAkJo5xGSQgmiIO,2010,./data/All of the Lights.mp3,1.770707773159687,0.8641702695476902,-0.7124692123978799,0.10205150805820258,-0.17826509606821617,-0.39089678744798295,0.557644401740564,-1.2894959130257495,0.8525491066698085,-0.24066645391143707,-0.3334405386073433,-0.05315849413748832,-1.611033765339575,-1.1835559941467468,-1.7078071008052456,-0.43155476749950633,-0.6283529516229996,0.8835617906538414,-0.46319196531132467,-0.8424023343041754,0.4609427290900158,-0.16439091240888926,0.21883172069116644,-2.0443210814416566,-0.9007674143216639,-0.3561067910326238,-0.7592177624585045,-0.6898997850589424,0.0796,0.541,0.803,-3.284,0.0738,142.135,0.221
83,Ambitionz Az a Ridah,2Pac,All Eyez On Me,20fBuVybkHgjF6vNhSMROD,1996,./data/Ambitionz az a Ridah.mp3,0.6039188090713102,-0.9900473845359394,-1.0200687414738117,0.3590299487149533,0.6850162846440981,0.27137475775894304,-0.6735109297911303,-0.40634556077915024,-0.8300515561042161,0.31268132792710973,0.2644699579776666,-0.00590899512461765,-0.10517603988403346,-0.30847511931330157,1.0307954698480633,0.9685296483109839,0.01565467084485755,0.6364656222378976,-0.15931772793428872,-0.32219112209193645,0.21116109749490422,1.7065400485660795,1.331891036236211,0.15003466882489044,0.6118777204027104,0.41604563008280226,0.6434798445253691,0.6031597909037197,0.00253,0.801,0.908,-6.554,0.221,87.279,0.805
84,California Love,2Pac,Greatest Hits,3ia3dJETSOllPsv3LJkE35,1998,./data/California Love.mp3,1.7086328899364758,-1.3433166875287117,-0.6114069640439187,-0.00826082033376138,0.5153417422278921,-0.2562207231199487,-0.220047024005035,-0.16721703064246046,0.3715809976077249,0.3752495758819082,0.36153791306944155,-0.882043167754547,-0.6115120350992954,-0.7844951844156473,0.8392704160832756,-1.5299809742105346,-1.0466369353194818,0.20667369118701465,0.6116498796875727,1.886280885065031,-0.2116489974579934,0.3136743058624294,-0.5416558209776238,-1.3508324814520363,1.3049424325845935,1.3950359754301953,1.3747377288826264,1.562206724578863,0.0304,0.763,0.85,-3.052,0.0417,91.519,0.761
85,Dead Presidents II,JAY-Z,Reasonable Doubt,3nDYsXggRQxf7PCNUjR4rz,1996,./data/Dead Presidents II.mp3,-0.883161588592993,0.13017775055449948,-0.4787972613512009,0.33116284406172436,1.2339249640632985,0.021514468776797926,-0.5095571317567648,0.9812026561677073,-1.5375489243809126,1.6342588084258816,-0.8799245969227801,-0.9395030649380848,-0.7138452046076705,-0.33260653003094404,1.3893707790444698,-0.33925481598861457,-1.3980456671937735,-1.2395449449264488,-0.4238659928704085,1.015474536159423,0.13022067737422008,0.2810438793640504,0.09492552762521884,-0.4889776251082007,0.3743521439815188,-0.4422738074369839,-0.09944391668985042,-0.27105708038799914,0.172,0.758,0.912,-8.758,0.349,87.335,0.573
86,Empire State of Mind,JAY-Z,The Blueprint 3,2igwFfvr1OAGX9SKDCPBwO,2009,./data/Empire State of Mind.mp3,0.8924553792880031,-0.34822092960698353,-0.2800106414067806,-0.33292040740253537,0.388127129031907,-0.34591745457414175,0.9972482976915082,0.3892407302840224,-0.2684933316516061,0.9147355453213735,-0.6166240334789017,-0.9520730458317631,-1.4770638983656599,-0.63335862662893,-1.3308310748679038,-0.6332003518904815,-1.2999755037915637,-0.48105624372188627,0.7261211836628643,-0.8466864643104063,-0.16296550883720737,-0.20789891228263094,1.6191230485614687,-1.1623492266208377,0.7194364884831244,0.5375463014644036,0.48006841096979264,0.5019135669405018,0.0295,0.491,0.956,-1.538,0.392,173.585,0.811
87,Fight the Power,Public Enemy,Fear of a Black Planet,1yo16b3u0lptm6Cs7lx4AD,1990,./data/Fight the Power.mp3,-0.44319183560483677,-0.9306678677582961,-1.213413395074925,1.8795896499067268,-0.0651705828072229,1.5231042877699885,-0.22678946817159132,1.607082580835485,0.8221098237119971,1.2798156472204445,0.4629721854609239,1.1850859148837296,0.7701725961455502,2.032357536018097,2.109487527282943,0.9333604203059426,0.3928338708989189,0.2224984862246833,0.10932344070406186,0.2896580002896752,1.01378262424518,1.4804797341523794,1.1612065818136357,1.1729983581995977,0.19333004398792236,0.025630525470800705,0.4778279343042127,0.41608294819707553,0.00484,0.797,0.582,-12.97,0.255,105.974,0.415
88,Gold Digger,Kanye West,Late Registration,1PS1QMdUqOal0ai3Gt7sDQ,2005,./data/Gold Digger.mp3,0.766752531079049,-0.1838666446406186,0.7973398158073234,1.1464846560309114,2.7178832716327364,-0.8145553069950167,1.2339229476079738,0.1793309628922054,-0.5371476226218442,1.2383244624954233,-0.5461636366768955,0.04095985570861382,-0.6981863678909076,-1.094428861882498,-0.5510556625000516,1.000061273532111,0.46331151022137496,-0.39849478917325915,0.021202743358653908,0.6388679382916271,1.7375054306230695,1.2988831117920197,0.37058673715662327,-0.2550938471617611,-0.8042315930213226,0.9552707331734536,-0.19694100154435182,0.2692110696083255,0.0192,0.631,0.696,-5.572,0.348,92.941,0.621
89,Gucci Gang,Lil Pump,Lil Pump,43ZyHQITOjhciSUUNPVRHc,2017,./data/Gucci Gang.mp3,-0.538535348663085,1.0225859335961744,1.376717013993112,-0.058495756902186315,0.12706693091467286,1.8329819796983726,-1.7093683805491706,1.4118975460680374,-1.1720298773044109,-1.4680696680160847,0.7772793842466762,-0.5294322720038297,-2.222392433148646,-2.501865297580782,-1.7510308000472021,-0.8769188262884587,1.1804232457269301,0.9657507991811374,-0.7871899182519092,-1.6127294622981618,-1.287886328107268,0.08933178967381121,-1.0168514113238107,-2.0348880554665194,-0.800803391557636,-0.9923608459646821,-0.9346610400825318,-1.0319838912924388,0.239,0.936,0.523,-6.71,0.0597,119.889,0.699
90,HUMBLE.,Kendrick Lamar,DAMN.,7KXjTSCq5nL1LoYtL7XAwS,2017,./data/HUMBLE..mp3,0.14530704120284255,-0.03747751956887325,0.8185270921963168,-0.07512377308493239,0.7772301948709264,1.193294317138682,2.186372662396507,2.3112056950812856,1.8135753501475327,1.3226023413837158,1.6524374376658724,0.4652597658928793,1.6567064849264546,1.968064137979682,1.4534899669139307,2.0642736069476095,2.3776979672700937,2.695046702035262,2.528169998455574,2.2670021391950144,2.1726760934149896,2.406465136264622,2.064798987150638,1.6755624426565285,-0.9161550230553639,0.3657602984385266,-0.4277966051943271,0.02736279954451609,0.000282,0.908,0.621,-6.638,0.102,150.011,0.421
91,Ni**as in Paris,JAY-Z,Watch the Throne,4Li2WHPkuyCdtmokzW2007,2011,./data/in Paris.mp3,-4.4451291576856855,1.435208141882338,-0.9929260237629736,-1.9284494225360478,-1.5322914970599253,-1.8927770799199493,-0.7934209384321596,-1.1037181650051984,-1.8736193806104524,-1.2717797404454314,-1.1204452045878968,-1.1513258225039695,2.486365733324487,-0.9277614981309037,-2.0980885437564614,-2.0085311798694403,-1.3719386577001076,-0.301874130700358,-1.2376688415454928,-0.9485676828288562,-1.4454178107343802,-2.2388619526664537,-2.244396695306272,-0.8550503661952128,0.9576578508838436,-1.6054040415903559,-0.46241256700569194,-0.9713895428814074,0.127,0.788,0.859,-5.542,0.315,140.027,0.769
92,Nuthin' But a G Thang,Dr. Dre,The Chronic,4YtoipFgf4k0AfD17ZfD5X,1992,./data/Nuthin' But A G Thang.mp3,-0.17797860679394994,-0.9607482354265694,0.17827569651595335,1.7015721856687975,0.06675825492948875,1.3200619074379927,0.33329586737274486,1.2613353295829777,0.18576225061137122,1.463170188128085,0.10949931766938475,0.28575923754437904,-0.08455063064302314,0.26097668500562854,-0.497794945834874,-0.6679099237092615,-0.08826064167760132,-0.05233007880255143,1.291373759801495,0.9841219324149848,1.4419035455886047,1.9411175151169937,0.9084788327868507,0.7256769975580639,0.12933845763412194,0.5474940340747095,0.6239171853044816,0.6503329670346747,0.00579,0.801,0.699,-8.18,0.279,94.604,0.655
93,Old Town Road,Lil Nas X,7 EP,2YpeDb67231RjR0MgVLzsG,2019,./data/Old Town Road.mp3,-0.3168955710037651,0.01823601546411962,0.19691011062294814,-1.1468810635502453,0.5537550555697444,-1.6718300320896355,-0.6758440499614141,-2.0012005381545412,-3.1444798145952624,-0.30357239629459265,-2.536441117912455,-0.6986265130982693,-0.5873015521335682,0.4972536004009851,-0.8173107593454367,-0.2337058672452289,-1.4579595633785003,-1.6432125853427997,-0.36931782547035436,-0.44669142608482953,1.7518084662639277,0.015699386157201747,-0.27780020052453985,-0.013575781488751552,-0.3391529883398696,-0.12981179528483502,-0.19460522625202364,-0.12898663578700348,0.0533,0.878,0.619,-5.56,0.102,136.041,0.639
94,SICKO MODE,Travis Scott,ASTROWORLD,2xLMifQCjDGFmkHkpNLD9h,2018,./data/SICKO Mode.mp3,0.2131667141724646,-0.25617029355938054,0.6022876002617001,-0.6667323308406263,0.8236912522603278,0.46799818163052775,-0.6157279496530443,-0.0952963675369694,0.6476503724035317,0.29282569601163577,0.4139966320675908,-0.4957153900083012,-0.22045549293748049,-0.09739126146670474,0.373024859331139,0.3660971627410899,-0.07546357689557694,0.4051230782843623,0.6086531634623453,-0.2371709610480413,0.20694653036898872,1.0031881453105522,0.7855879644194812,-0.07724978212608678,0.0938230680680267,0.2433890405911928,0.48230831101168276,0.48748884209207494,0.00513,0.834,0.73,-3.714,0.222,155.008,0.446
95,They Reminisce Over You (T.R.O.Y),Pete Rock,Mecca and the Soul Brother,2Mb3zpobD0CvJGWv6NpsPy,1992,./data/They Reminisce Over You.mp3,-0.12079384320104823,-0.1282893273050851,0.1822994905955562,0.43640439799583564,-0.40613711946935405,1.4927843884661198,-0.4980406851032129,-0.12211276106497079,0.2593309202392887,-1.0015529536044736,-0.7702351851069109,-0.06994411173423813,0.08000836756893168,0.45294932431706464,1.5612301629337837,0.3051510930326502,-0.23722850019648875,0.36067875482808354,-0.3085286671353658,0.25646197960341877,-0.2177658681093485,0.15984026552700473,0.6390113053437305,0.07368844047150898,-0.0023553721900561753,0.6560298923318748,0.17560921845563932,0.5575307781755826,0.141,0.761,0.683,-10.889,0.164,101.787,0.671
